merk,model,pattern,introductiejaar,nieuwprijs_eur,prijs_bron,schermgrootte_inch,schermtype,bediening,batterijduur_uur,gewicht_g,gps,kaarten,route_sync,rerouting,planning_op_apparaat,ant_plus,bluetooth_sensoren,wifi,schakel_integratie,workouts,klimfunctie,waterdicht,ondersteund,extra_opmerkingen,bron_url
Garmin,Edge 1050,(?:edge|garmin)(?:\s?edge)?\s?1050\b,2024,749.99,https://www.dcrainmaker.com/2024/06/garmin-edge-1050-in-depth-review-brilliance-battery.html,3.5,kleur touchscreen,touch,20,161,ja,routeerbaar,,ja,volledig,ja,,,ja,ja,ja,IPX7,ja,"Aangekondigd 25-06-2024. Knoppen alleen voor aan/uit, start/stop en ronde. Routes maken op het apparaat (course creator). Workouts: Garmin-handleiding, https://www8.garmin.com/manuals/webhelp/GUID-08ACA9FC-DEE6-4C8D-8A95-F62181C512E9/EN-US/GUID-5CA69960-1471-47A1-867E-820FD0B240C8.html",https://www.dcrainmaker.com/2024/06/garmin-edge-1050-in-depth-review-brilliance-battery.html
Garmin,Edge 1040 Solar,(?:edge|garmin)(?:\s?edge)?\s?1040\s?solar\b,2022,699.99,"https://www.bike-x.de (uit de lijst van de eigenaar, bron alleen een domein — niet nagetrokken)",3.5,kleur touchscreen,touch,45,126,ja,routeerbaar,ja,ja,volledig,ja,ja,ja,ja,ja,ja,IPX7,ja,"Multiband-GNSS, USB-C, zonnepaneel. Drie knoppen (aan/uit, start/stop, ronde); de rest is touch.",https://www.dcrainmaker.com/2022/06/garmin-solar-review.html
Garmin,Edge 1040,(?:edge|garmin)(?:\s?edge)?\s?1040\b,2022,599.99,"https://www.bike-x.de (uit de lijst van de eigenaar, bron alleen een domein — niet nagetrokken)",3.5,kleur touchscreen,touch,35,126,ja,routeerbaar,ja,ja,volledig,ja,ja,ja,ja,ja,ja,IPX7,ja,Zelfde apparaat als de Solar zonder zonnepaneel. Rerouting: Garmin-handleiding.,https://www8.garmin.com/manuals/webhelp/GUID-0083D0A0-EA6E-41F0-8207-3F1498875E61/EN-US/GUID-62C3249E-F56E-467B-A9DA-83D907CDF4E6.html
Garmin,Edge 1030 Plus,(?:edge|garmin)(?:\s?edge)?\s?1030\s?(?:plus\b|\+),2020,549.99,"https://www.futurumshop.nl (uit de lijst van de eigenaar, bron alleen een domein — niet nagetrokken)",3.5,kleur touchscreen,touch,24,123,ja,routeerbaar,ja,ja,volledig,ja,ja,ja,ja,ja,ja,IPX7,ja,Adres/POI zoeken en rondje op afstand op het apparaat. Kaarten voor alle regio's behalve Azië gratis.,https://www.dcrainmaker.com/2020/06/garmin-edge-1030-depth-review.html
Garmin,Edge 1030,(?:edge|garmin)(?:\s?edge)?\s?1030(?!\s?(?:plus|\+))\b,2017,599,https://onabike.cc/2017/08/31/eurobike-2017-my-opinion-on-the-new-garmin-edge-1030/,3.5,kleur touchscreen,touch,20,,ja,routeerbaar,,ja,volledig,ja,,,ja,ja,,IPX7,,Adres/POI en Trendline-rondjes op het apparaat. Touch reageerde soms niet met winterhandschoenen (DCR). ClimbPro niet genoemd in de review.,https://www.dcrainmaker.com/2017/08/garmin-edge-1030-in-depth-review.html
Garmin,Edge 1000,(?:edge|garmin)(?:\s?edge)?\s?1000\b,2014,,,3.0,kleur touchscreen,touch,15,115,ja,routeerbaar,,ja,volledig,ja,nee,ja,ja,ja,,,,"Scherm is 3,0"" (de lijst van de eigenaar zei 3,5""). Bluetooth alleen naar de telefoon, sensoren alleen ANT+. $599, europrijs niet gevonden.",https://www.dcrainmaker.com/2014/06/garmin-1000-depth-review.html
Garmin,Edge 850,(?:edge|garmin)(?:\s?edge)?\s?850\b,2025,549.99,https://garmin.prezly.com/garmin-presenteert-zijn-nieuwe-fietsproducten-de-edge-550-en-850-evenals-de-rally-110-en-210,2.7,kleur touchscreen,touch+knoppen,12,113,ja,routeerbaar,ja,ja,volledig,ja,,,ja,ja,ja,IPX7,ja,Aangekondigd 09-09-2025. Adres zoeken en rondjes maken op het apparaat. Accu door de gebruiker te vervangen.,https://www.dcrainmaker.com/2025/09/garmin-edge-850-in-depth-review-brilliance.html
Garmin,Edge 840 Solar,(?:edge|garmin)(?:\s?edge)?\s?840\s?solar\b,2023,599.99,https://www.emerce.nl/wire/garmin-kondigt-vandaag-edge-540-edge-840-fietscomputers,2.6,kleur touchscreen,touch+knoppen,,90,ja,routeerbaar,ja,ja,volledig,ja,ja,,ja,ja,ja,IPX7,ja,Touch én volledige knoppenset. 32 GB.,https://www.dcrainmaker.com/2023/04/garmin-cycling-review.html
Garmin,Edge 840,(?:edge|garmin)(?:\s?edge)?\s?840\b,2023,499.99,https://www.emerce.nl/wire/garmin-kondigt-vandaag-edge-540-edge-840-fietscomputers,2.6,kleur touchscreen,touch+knoppen,,,ja,routeerbaar,ja,ja,volledig,ja,ja,,ja,ja,ja,IPX7,ja,"Touch én volledige knoppenset; adres zoeken kan alleen op de 840, niet op de 540.",https://www.dcrainmaker.com/2023/04/garmin-cycling-review.html
Garmin,Edge 830,(?:edge|garmin)(?:\s?edge)?\s?830\b,2019,399.99,https://racefietsblog.nl/garmin-komt-met-nieuwe-edge-530-en-830-fietscomputers/,2.6,kleur touchscreen,touch,20,79.1,ja,routeerbaar,ja,ja,volledig,ja,,,ja,ja,ja,IPX7,,Adres en POI zoeken op het apparaat. Alleen start/stop en ronde als knop.,https://www.dcrainmaker.com/2019/04/garmin-cycling-depth-review.html
Garmin,Edge 820,(?:edge|garmin)(?:\s?edge)?\s?820\b,2016,,,2.3,kleur touchscreen,touch,15,,ja,routeerbaar,,ja,volledig,ja,nee,ja,ja,ja,,,,Touchscreen gaf valse aanrakingen door zweet (DCR). Rerouting werkte op het reviewtoestel nog niet betrouwbaar. $399.,https://www.dcrainmaker.com/2016/07/garmin-edge-820.html
Garmin,Edge 810,(?:edge|garmin)(?:\s?edge)?\s?810\b,2012,,,,kleur touchscreen,touch,,,ja,los_te_koop,,ja,beperkt,ja,nee,nee,,ja,,,,"Resistief touchscreen, werkt met handschoenen. Routeerbare kaarten (City Navigator) los te koop. Bluetooth alleen naar de telefoon. $499.",https://www.dcrainmaker.com/2013/01/garmin-edge-810-in-depth-review.html
Garmin,Edge 800,(?:edge|garmin)(?:\s?edge)?\s?800\b,2010,,,2.6,kleur touchscreen,touch,15,98,ja,los_te_koop,,ja,beperkt,ja,nee,nee,,ja,,,,"Adres/POI-navigatie alleen met losse kaarten. Geen Bluetooth (de lijst van de eigenaar zei ja). $449,99, met kaarten $649,99.",https://www.dcrainmaker.com/2010/08/garmin-edge-800-in-depth-first-look.html
Garmin,Edge 705,(?:edge|garmin)(?:\s?edge)?\s?705\b,2007,,,,,,,,ja,,,,,,,,,,,,,Niet nagezocht. Lijst van de eigenaar: navigatie en kaarten.,
Garmin,Edge 605,(?:edge|garmin)(?:\s?edge)?\s?605\b,2007,,,,,,,,ja,,,,,,,,,,,,,Niet nagezocht. Lijst van de eigenaar: navigatie en kaarten.,
Garmin,Edge 550,(?:edge|garmin)(?:\s?edge)?\s?550\b,2025,449.99,https://garmin.prezly.com/garmin-presenteert-zijn-nieuwe-fietsproducten-de-edge-550-en-850-evenals-de-rally-110-en-210,2.7,kleur,knoppen,12,,ja,routeerbaar,ja,ja,beperkt,ja,,,ja,ja,ja,IPX7,ja,Aangekondigd 09-09-2025. Alleen knoppen; geen adres zoeken en geen rondjes maken op het apparaat.,https://www.dcrainmaker.com/2025/09/garmin-edge-850-in-depth-review-brilliance.html
Garmin,Edge 540 Solar,(?:edge|garmin)(?:\s?edge)?\s?540\s?solar\b,2023,499.99,https://www.emerce.nl/wire/garmin-kondigt-vandaag-edge-540-edge-840-fietscomputers,2.6,kleur,knoppen,,85,ja,routeerbaar,ja,ja,beperkt,ja,ja,,ja,ja,ja,IPX7,ja,POI en een punt op de kaart als bestemming; geen adres zoeken. Kaart bedienen met knoppen is omslachtig (DCR).,https://www.dcrainmaker.com/2023/04/garmin-cycling-review.html
Garmin,Edge 540,(?:edge|garmin)(?:\s?edge)?\s?540\b,2023,399.99,https://www.emerce.nl/wire/garmin-kondigt-vandaag-edge-540-edge-840-fietscomputers,2.6,kleur,knoppen,,,ja,routeerbaar,ja,ja,beperkt,ja,ja,,ja,ja,ja,IPX7,ja,POI en een punt op de kaart als bestemming; geen adres zoeken. Strava/Komoot-routes staan binnen seconden op het toestel.,https://www.dcrainmaker.com/2023/04/garmin-cycling-review.html
Garmin,Edge 530,(?:edge|garmin)(?:\s?edge)?\s?530\b,2019,299.99,https://racefietsblog.nl/garmin-komt-met-nieuwe-edge-530-en-830-fietscomputers/,2.6,kleur,knoppen,20,69,ja,routeerbaar,ja,ja,beperkt,ja,,,ja,ja,ja,IPX7,,"Geen adres of POI zoeken op het apparaat; rondjes via de telefoon-app. Gewicht 69 g volgens DCR (de lijst van de eigenaar zei 75,8).",https://www.dcrainmaker.com/2019/04/garmin-edge-cycling-depth-review.html
Garmin,Edge 520 Plus,(?:edge|garmin)(?:\s?edge)?\s?520\s?(?:plus\b|\+),2018,,,,,knoppen,15,63,ja,routeerbaar,,ja,nee,ja,nee,nee,ja,,,,,"Kaarten en rerouting, maar geen adres/POI op het apparaat. Alleen ANT+-sensoren. $279.",https://www.dcrainmaker.com/2018/04/hands-garmin-mapping.html
Garmin,Edge 520,(?:edge|garmin)(?:\s?edge)?\s?520(?!\s?(?:plus|\+))\b,2015,,,,kleur,knoppen,15,,ja,basiskaart,,nee,nee,ja,,nee,ja,ja,,IPX7,,"Volgt alleen een lijn over een basiskaart, geen rerouting. Geen wifi (de lijst van de eigenaar zei ja). $299.",https://www.dcrainmaker.com/2015/07/garmin-edge-520.html
Garmin,Edge 510,(?:edge|garmin)(?:\s?edge)?\s?510\b,2012,,,,kleur touchscreen,touch,,,ja,nee,,nee,nee,ja,nee,nee,,ja,,,,"Resistief touchscreen. Routes zijn broodkruimelsporen, geen kaartnavigatie (de lijst van de eigenaar zei ja). $329.",https://www.dcrainmaker.com/2013/01/garmin-edge-510-in-depth-review.html
Garmin,Edge 500,(?:edge|garmin)(?:\s?edge)?\s?500\b,2009,199,"https://static.garmin.com (uit de lijst van de eigenaar, bron alleen een domein — niet nagetrokken)",1.4,monochroom,,18,56.7,ja,nee,,,,ja,,nee,,,,IPX7,,Navigatie en rerouting niet nagezocht.,
Garmin,Edge 305,(?:edge|garmin)(?:\s?edge)?\s?305\b,2005,,,,,,,,ja,nee,,,,,,,,,,IPX7,,Niet nagezocht. Met hartslagmeter en barometrische hoogtemeter.,
Garmin,Edge 205,(?:edge|garmin)(?:\s?edge)?\s?205\b,2005,,,,,,,,ja,nee,,,,,,,,,,IPX7,,Niet nagezocht. Eerste Edge-serie.,
Garmin,Edge 200,(?:edge|garmin)(?:\s?edge)?\s?200\b,2011,,,,,,,,ja,nee,,,,,,,,,,,,Niet nagezocht. Instapmodel.,
Garmin,Edge 130 Plus,(?:edge|garmin)(?:\s?edge)?\s?130\s?(?:plus\b|\+),2020,199,https://the5krunner.com/2020/06/16/garmin-edge-130-plus-specs-comparison-review/,,monochroom,knoppen,12,,ja,nee,ja,nee,nee,ja,ja,nee,,ja,ja,,,"Volgt een lijn met afslagmeldingen, geen kaarten en geen rerouting. ClimbPro op geplande routes.",https://www.dcrainmaker.com/2020/06/garmin-edge-depth-review.html
Garmin,Edge 130,(?:edge|garmin)(?:\s?edge)?\s?130(?!\s?(?:plus|\+))\b,2018,199,https://www.dcrainmaker.com/2018/04/garmin-edge-130-depth-review.html,1.8,monochroom,knoppen,15,32,ja,nee,,nee,nee,ja,ja,nee,,nee,,IPX7,,Alleen een broodkruimelspoor. Connect IQ alleen datavelden.,https://www.dcrainmaker.com/2018/04/garmin-edge-130-depth-review.html
Garmin,Edge Touring Plus,edge\s?touring\s?(?:plus|\+),,,,,,,,,ja,,,,,,,,,,,,,Niet apart nagezocht (zie Edge Touring); ±5 advertenties in de crawl van 28-09-2026.,
Garmin,Edge Touring,edge\s?touring\b(?!\s?(?:plus|\+)),2013,,,,,touch,,,ja,routeerbaar,,,volledig,nee,,,,,,,,"Vereenvoudigde Edge 800/810 om niet te verdwalen: rondje op afstand en POI-navigatie op het apparaat, afslag-voor-afslag op een kaart. ANT+ alleen voor hartslag en e-bikes, geen powermeter of cadans. Rerouting niet genoemd in de hands-on.",https://www.dcrainmaker.com/2013/08/garmin-touring-computer.html
Garmin,Edge 20/25,(?:edge|garmin)(?:\s?edge)?\s?(?:20|25)\b,2015,,,,,,,,ja,,,,,,,,,,,,,"Opvolgers van de Edge 200, budgetmodellen; functies niet nagezocht. De 20 en 25 staan in één rij omdat titels ze vaak samen noemen ('Edge 20/25').",https://www.dcrainmaker.com/2015/06/garmin-edge-20-25.html
Garmin,Edge Explore 820,(?:edge|garmin)\s?explorer?\s?820\b,2016,,,2.3,touchscreen,touch,15,,ja,routeerbaar,,,volledig,,,,,,,,,"Aangekondigd 13-07-2016 samen met de Edge 820, $349.99. Voorgeladen Garmin Cycle Map, afslag-voor-afslag, rondje op afstand en routes plannen op het apparaat. ANT+ voor snelheid, cadans en hartslag; een powermeter noemt Garmin niet. Mist VO2max, FTP, W/kg, Strava Live Segments en cycling dynamics van de Edge 820. Kwam 8 keer voor in de Vinted-export van 28-09-2026.",https://www.garmin.com/en-US/blog/general/announcement-edge-820-edge-explore-820/
Garmin,Edge Explore 2,(?:edge|garmin)\s?explorer?\s?2\b,2022,299.99,https://garmin.prezly.com/garmin-edge-explore-2-nauwkeurigheid-gebruiksgemak-en-een-overvloed-aan-nieuwe-routes,3.0,kleur touchscreen,touch,16,104,ja,routeerbaar,ja,ja,volledig,ja,ja,nee,nee,nee,ja,IPX7,ja,"Navigatiemodel: geen Di2, geen workouts, geen wifi (de lijst van de eigenaar zei ja).",https://www.dcrainmaker.com/2022/07/garmin-explore-review.html
Garmin,Edge Explore,(?:edge|garmin)\s?explorer?\b(?!\s?(?:2\b|820|1000)),2018,,,,kleur touchscreen,touch,12,,ja,routeerbaar,,ja,volledig,nee,,nee,nee,nee,,,,Geen powermeter-ondersteuning. Geen wifi (de lijst van de eigenaar zei ja). $249.,https://www.dcrainmaker.com/2018/07/garmin-edge-explore-review.html
Garmin,Edge MTB,edge\s?mtb\b,2025,399,https://www.dcrainmaker.com/2025/06/garmins-new-edge-mtb-cycling-gps-review-hows-it-different.html,,,knoppen,14,57,ja,,,,,ja,ja,nee,,,,,,"$399/€399 (DCR, review juni 2025). Geen touchscreen, rubberen knoppen, Gorilla Glass; kleinere hardware dan de Edge 540 met de bediening van de Edge 1050-reeks. 14 u in 5Hz-modus, 26 u in batterijbesparing. Minder trainingsstatistieken (geen Training Status, Load Focus). Kwam voor in de Vinted-export van 28-09-2026.",https://www.dcrainmaker.com/2025/06/garmins-new-edge-mtb-cycling-gps-review-hows-it-different.html
Wahoo,ELEMNT ACE,(?:[eé]l[eé]me?nt|wahoo)\s?ace\b,2024,599,https://www.dcrainmaker.com/2024/12/wahoo-elemnt-ace-in-depth-review-bike-computer.html,3.8,kleur touchscreen,touch+knoppen,30,208,ja,routeerbaar,ja,,beperkt,ja,ja,,ja,ja,ja,,ja,Windsensor. Bij de review ontbraken veel beloofde functies; rerouting niet apart genoemd. Echte accuduur 10-15 u (DCR).,https://www.dcrainmaker.com/2024/12/wahoo-elemnt-ace-in-depth-review-bike-computer.html
Wahoo,ELEMNT ROAM 3,roam\s?v?3\b,2025,449.99,https://www.wahoofitness.com/devices/bike-computers/elemnt-roam-buy,2.8,kleur touchscreen,touch+knoppen,25,108,ja,routeerbaar,ja,ja,beperkt,ja,ja,,,ja,ja,,ja,"Mei 2025. Adres als bestemming ('take me to'), Komoot Live Sync. Echte accuduur ongeveer de helft van de claim (DCR hands-on).",https://www.wahoofitness.com/devices/bike-computers/elemnt-roam-buy
Wahoo,ELEMNT ROAM v2,roam\s?v?2\b,2022,399.99,https://www.bikeradar.com/news/wahoo-elemnt-roam-v2,2.7,kleur,knoppen,17,,ja,routeerbaar,ja,ja,beperkt,ja,ja,,ja,ja,,IPX7,ja,"Dual-band GPS, 32 GB. Planning: opgeslagen locaties en terug naar start; adres alleen via de app. Summit-klimfunctie kwam pas na de review.",https://www.dcrainmaker.com/2022/10/elemnt-computer-review.html
Wahoo,ELEMNT ROAM v1,"[eé]l[eé]me?nt\s?roam|wahoo.{0,10}roam",2019,349.99,https://www.bikeradar.com/news/wahoo-elemnt-roam,2.7,kleur,knoppen,17,,ja,routeerbaar,ja,ja,beperkt,ja,ja,,ja,ja,,IPX7,ja,"De eigen fietscomputer van de eigenaar (baseline). Kaartpunt, opgeslagen locatie of start als bestemming; adres alleen via de app. Een v2/v3 zonder versienummer in de titel valt ook hieronder.",https://www.dcrainmaker.com/2019/05/element-cycling-review.html
Wahoo,ELEMNT BOLT 3,bolt\s?v?3\b,2025,,,2.3,kleur,knoppen,20,84,ja,,,,,,,,,,,,ja,"Mei 2025, alleen knoppen, geen speaker. Navigatie en prijs uit een hands-on met bèta-firmware niet te halen.",https://www.dcrainmaker.com/2025/04/wahoo-bolt3-roam-3-hands-on-details-comparison-to-ace.html
Wahoo,ELEMNT BOLT v2,"bolt\s?v?2\b|bolt.{0,5}2021",2021,279.99,https://velomotion.net/2021/06/wahoo-elemnt-bolt-test/,2.2,kleur,knoppen,15,70,ja,routeerbaar,ja,ja,beperkt,ja,ja,,ja,ja,,IPX7,ja,Rerouting zonder telefoon. Geen eigen klimfunctie bij de review.,https://www.dcrainmaker.com/2021/05/elemnt-screen-progress.html
Wahoo,ELEMNT BOLT v1,"[eé]l[eé]me?nt\s?bolt|wahoo.{0,10}bolt",2017,,,2.2,monochroom,knoppen,15,62,ja,basiskaart,ja,nee,nee,ja,ja,,ja,,,IPX7,,Bij de review (2017) geen rerouting en geen routeerbare kaart; latere firmware niet nagezocht. $249. Een v2/v3 zonder versienummer in de titel valt ook hieronder.,https://www.dcrainmaker.com/2017/03/wahoo-elemnt-depth-review.html
Wahoo,ELEMNT MINI,[eé]l[eé]me?nt\s?mini|wahoo\s?mini,2017,,,,,knoppen,,,via_telefoon,nee,,nee,nee,nee,,,,,,,,"Gebruikt de GPS van de telefoon, geen navigatie, geen powermeter; alleen Wahoo's eigen sensoren. Knoopcel (±250 u). $99 met snelheidssensor.",https://www.dcrainmaker.com/2017/08/wahoo-elemnt-mini-in-depth-review.html
Wahoo,ELEMNT,wahoo\s?elemn?e?nt\b(?!\s?(?:bolt|roam|mini|ace|rival))|\belemnt\b(?!\s?(?:bolt|roam|mini|ace|rival)),2016,,,2.7,monochroom,knoppen,,,ja,basiskaart,ja,nee,,,,,,,,,,Afslag-voor-afslag kwam in juni 2016 via firmware; geen rerouting.,https://www.dcrainmaker.com/2016/03/wahoo-elemnt-computer-review.html
Hammerhead,Karoo (3e gen),karoo\s?(?:3|iii)\b,2024,,,,kleur touchscreen,touch+knoppen,15,118,ja,routeerbaar,ja,ja,beperkt,ja,ja,,ja,ja,ja,IP67,ja,"Officieel gewoon 'Karoo'. Geen adres zoeken op het apparaat. SRAM AXS ingebouwd; Shimano Di2 officieel geblokkeerd, alleen via de Ki2-app. $474. Een kale 'Hammerhead Karoo' zonder nummer wordt niet herkend.",https://www.dcrainmaker.com/2024/05/hammerhead-new-karoo-3-review-upgrade.html
Hammerhead,Karoo 2,karoo\s?(?:2|ii)\b,2021,399,"https://support.hammerhead.io (uit de lijst van de eigenaar, bron alleen een domein — niet nagetrokken)",3.2,kleur touchscreen,touch+knoppen,12,132,ja,routeerbaar,ja,ja,beperkt,ja,ja,,ja,ja,ja,IP67,nee,Updates gestopt na de eerste update van 2026; kaarten worden nog wel bijgewerkt. Routes plannen op het toestel alleen met internet. Echte accuduur ±8 u (DCR). Klimfunctie: DCR 2022/03 (CLIMBER).,https://support.hammerhead.io/hc/en-us/community/posts/42385459475355-End-of-support-for-Karoo2
Hammerhead,Karoo (1e gen),karoo\s?(?:1|i)\b,2018,,,3.2,kleur touchscreen,touch+knoppen,,,ja,routeerbaar,,ja,beperkt,ja,ja,,ja,nee,,IP67,nee,"Uitgebracht 09-02-2018. Geen updates meer. Bij de review 'barely finished', echte accuduur 3-6 u. $399.",https://www.dcrainmaker.com/2018/02/hammerhead-cycling-review.html
Bryton,Rider S800,(?:rider|bryton)\s?s\s?800,2022,399.95,https://global.brytonsport.com/products/rider-s800,3.4,kleur touchscreen,touch,36,,ja,routeerbaar,,via_telefoon,,ja,ja,,,,,,ja,"Routes van de app naar het toestel overzetten is traag en moet vaak opnieuw (Cycling Weekly). Kleine afwijkingen worden gererouted, grote niet. Prijs €399,95 is de huidige prijs op de merksite.",https://www.cyclingweekly.com/reviews/computers-and-heart-rate-monitors/bryton-rider-s800-good-bike-computer-app-needs-attention
Bryton,Rider S500,(?:rider|bryton)\s?s\s?500,2022,299,https://www.cyclingnews.com/reviews/bryton-rider-s500-cycling-computer-first-look-review/,2.4,kleur touchscreen,touch+knoppen,24,,ja,routeerbaar,,via_telefoon,nee,ja,ja,,,,,,ja,Rerouting en gesproken zoeken alleen met een actieve verbinding met de telefoon-app.,https://www.dcrainmaker.com/2022/02/rider-first-review.html
Bryton,Rider 750 SE,(?:rider|bryton)\s?750\s?se\b,2022,,,2.8,kleur touchscreen,,40,,ja,,,,,,,,,,,,,Niet nagezocht buiten accuduur.,https://www.brytonsport.com.tw
Bryton,Rider 750,(?:rider|bryton)\s?750(?!\s?se\b),2020,,,2.8,kleur touchscreen,touch,20,96,ja,routeerbaar,,via_telefoon,nee,ja,ja,,,,,,,"Bestemming zoeken (ook gesproken) en rerouting alleen met de app actief en internet. Prijs €249,95 uit de lijst van de eigenaar kwam van bikeradar (vermoedelijk ponden) — weggelaten.",https://www.roadbikerider.com/bryton-rider-750-gps-bike-computer-review/
Bryton,Rider 530,(?:rider|bryton)\s?530\b,2018,,,,,,,,ja,,,,,,,,,,,,,Niet nagezocht.,
Bryton,Rider 450,(?:rider|bryton)\s?450\b,2017,,,,,,,,ja,,,,,,,,,,,,,Niet nagezocht.,
Bryton,Rider 410,(?:rider|bryton)\s?410\b,2016,,,,,,,,ja,,,,,,,,,,,,,Niet nagezocht.,
Bryton,Rider 330,(?:rider|bryton)\s?330\b,2016,,,,,,,,ja,,,,,,,,,,,,,Niet nagezocht.,
Bryton,Rider 420,(?:rider|bryton)\s?420,2019,,,,,,,,ja,nee,,nee,nee,ja,,,,,,,,"Volgt een track met afslagmeldingen en straatnamen, geen rerouting ('Off Route'-melding). Powermeter via ANT+.",https://www.outdoorgearlab.com/reviews/biking/bike-computer/bryton-rider-420
Bryton,Rider 320,(?:rider|bryton)\s?320\b,,,,,,,,,ja,,,,,,,,,,,,,"Niet nagezocht; alleen herkenning (kwam voor in de crawl van 28-09-2026), zodat de flipmarge werkt.",
Bryton,Rider 50,(?:rider|bryton)\s?50\b,,,,,,,,,ja,,,,,,,,,,,,,"Niet nagezocht; alleen herkenning (kwam voor in de crawl van 28-09-2026), zodat de flipmarge werkt.",
Bryton,Rider 10,(?:rider|bryton)\s?(?:gps\s?)?10e?\b,,,,,,,,,,,,,,,,,,,,,,"Niet nagezocht; alleen herkenning (kwam voor in de crawl van 28-09-2026), zodat de flipmarge werkt.",
Bryton,Rider 310,(?:rider|bryton)\s?310\b,2015,,,1.8,monochroom,,36,56,ja,nee,,,,ja,ja,,,,,IPX7,,Barometer en thermometer. De $100 uit de lijst van de eigenaar is een Amerikaanse prijs — weggelaten.,https://www.bicycleretailer.com
Sigma,ROX 12.1 EVO,"rox\s?12[.,]1",2023,379.95,https://www.bikeradar.com/reviews/training/gps-computers/gps-devices/sigma-rox-12-1-evo-bike-computer-review,3.0,kleur touchscreen,touch+knoppen,14,109,ja,routeerbaar,,ja,volledig,ja,ja,,,ja,,IP67,ja,"Touch soms te gevoelig, soms niet; slecht in de regen. BikeRadar haalde 4,5 u met navigatie en sensoren. Introductiejaar volgens BikeRadar begin 2023 (de lijst van de eigenaar zei 2022).",https://www.bikeradar.com/reviews/training/gps-computers/gps-devices/sigma-rox-12-1-evo-bike-computer-review
Sigma,ROX 12.0 SPORT,"rox\s?12(?:[.,]0)?\b(?![.,]1)",2018,399,https://www.dcrainmaker.com/2018/06/sigma-cycling-review.html,,kleur touchscreen,touch+knoppen,16,125,ja,routeerbaar,,ja,volledig,ja,nee,ja,ja,ja,,,,Geen Bluetooth naar de telefoon bij de review. Touch werkte in de regen en met handschoenen.,https://www.dcrainmaker.com/2018/06/sigma-cycling-review.html
Sigma,ROX 11.1 EVO,"rox\s?11[.,]1",2021,,,,,knoppen,,,ja,nee,ja,nee,,ja,ja,,,,,,,"Broodkruimelspoor met richtingpijlen, routes via Komoot of de Sigma Ride-app.",https://singletrackworld.com/2022/03/sigma-rox-11-1-evo-gps-bike-computer-review/
Sigma,ROX 10.0,"rox\s?10(?:[.,]0)?\b",,,,,,,,,ja,,,,,,,,,,,,,"Niet nagezocht; alleen herkenning (kwam voor in de crawl van 28-09-2026), zodat de flipmarge werkt.",
Sigma,ROX 4.0,"rox\s?4[.,]0",2019,,,2.4,,knoppen,25,,ja,nee,,,,ja,ja,,,,,,,Afslagmeldingen alleen met de Komoot-app op de telefoon.,https://www.navigation-professionell.de/en/sigma-rox-4-0-review/
Sigma,ROX 2.0,"rox\s?2[.,]0",2019,,,2.0,,,18,39,ja,nee,,,,nee,nee,,,,,IPX7,,Er kunnen geen sensoren aan (de lijst van de eigenaar zei ANT+ en Bluetooth).,https://sigma.bike/product/rox-2-0/
Polar,V650,"polar.{0,10}v\s?650\b|\bv650\b",2014,219.9,"https://www.mountainbike.be (uit de lijst van de eigenaar, bron alleen een domein — niet nagetrokken)",2.8,kleur touchscreen,touch,10,,ja,,,nee,,nee,ja,,,,,,,Alleen Bluetooth: ANT+-powermeters werken niet (de lijst van de eigenaar zei ANT+). Navigatie bij de review alleen 'terug naar start'.,https://www.bikeradar.com/reviews/training/gps-computers/gps-devices/polar-v650-review
Polar,M460,"polar.{0,10}m\s?460\b|\bm\s?460\b.{0,20}polar",2017,,,,,,16,,ja,nee,,,,nee,ja,,,,,,,Alleen Bluetooth. Afslagmeldingen voor Komoot-routes (Komoot Premium nodig).,https://road.cc/content/review/230802-polar-m460-gps-bike-computer-heart-rate-monitor
Polar,M450,"polar.{0,10}m\s?450\b|\bm\s?450\b.{0,20}polar",2015,,,,,,,,ja,nee,,,,,,,,,,,,Niet nagezocht; waarschijnlijk alleen Bluetooth zoals de M460.,
Lezyne,Mega XL GPS,"lezyne.{0,15}mega\s?xl|mega\s?xl\s?gps",2018,199.95,"https://ride.lezyne.com (uit de lijst van de eigenaar, bron alleen een domein — niet nagetrokken)",2.7,,,48,83,ja,,,,,,,,,,,,beperkt,Lezyne stopte in augustus 2025 met GPS-computers; app en support blijven.,https://x.com/Lezyne/status/1959798577913282626
Lezyne,Super Pro GPS,super\s?pro\s?gps,2021,,,,,knoppen,,,ja,nee,,via_telefoon,nee,,,,,,,,beperkt,"Afslag-voor-afslag, geen kaart op het scherm; rerouting leunt op de telefoon. Lezyne stopte in augustus 2025 met GPS-computers; app en support blijven.",https://www.cyclistshub.com/lezyne-super-pro-gps-review/
Lezyne,Super GPS,"lezyne.{0,15}super\s?gps|\bsuper\s?gps",2015,,,,,,,,ja,,,,,,,,,,,,beperkt,Niet nagezocht. Lezyne stopte in augustus 2025 met GPS-computers.,https://x.com/Lezyne/status/1959798577913282626
Lezyne,Mini GPS,"lezyne.{0,15}mini\s?gps",2015,,,,,,,,ja,,,,,,,,,,,,beperkt,Niet nagezocht. Lezyne stopte in augustus 2025 met GPS-computers.,https://x.com/Lezyne/status/1959798577913282626
Lezyne,Micro GPS,"lezyne.{0,20}micro",,,,,,,,,ja,,,,,,,,,,,,beperkt,"Niet nagezocht; alleen herkenning (kwam voor in de crawl van 28-09-2026), zodat de flipmarge werkt. Lezyne stopte in augustus 2025 met GPS-computers.",https://x.com/Lezyne/status/1959798577913282626
Lezyne,Macro GPS,"lezyne.{0,20}macro",,,,,,,,,ja,,,,,,,,,,,,beperkt,"Niet nagezocht; alleen herkenning (kwam voor in de crawl van 28-09-2026), zodat de flipmarge werkt. Lezyne stopte in augustus 2025 met GPS-computers.",https://x.com/Lezyne/status/1959798577913282626
Cateye,Padrone Smart+ CC-SC100B,padrone\s?smart|cc-?sc100,2017,78.29,"https://www.futurumshop.nl (uit de lijst van de eigenaar, bron alleen een domein — niet nagetrokken)",,,,,,via_telefoon,nee,,nee,,nee,ja,,,,,,,Gebruikt de GPS van de telefoon (Mirror Mode) en heeft de CatEye-app nodig; alleen pijlnavigatie.,https://www.cateye.com/intl/products/computers/CC-SC100B/
Cateye,Padrone Digital CC-PA400B,padrone\s?digital|cc-?pa400,2016,89.99,"https://www.futurumshop.nl (uit de lijst van de eigenaar, bron alleen een domein — niet nagetrokken)",,,,,,nee,nee,,nee,,nee,ja,,,,,,,"Teller met Bluetooth-sensoren en een knoopcel, geen GPS (de lijst van de eigenaar zei GPS en ANT+).",https://www.cateye.com/intl/products/computers/CC-PA400B/
Cateye,Padrone CC-PA100W,cc-?pa100|padrone(?!\s?(?:smart|digital)),2015,59.95,"https://www.futurumshop.nl (uit de lijst van de eigenaar, bron alleen een domein — niet nagetrokken)",,monochroom,,,31.5,nee,,,,,nee,,,,,,,,Eenvoudige draadloze teller op een knoopcel ('365 uur' uit de lijst van de eigenaar is geen accuduur — weggelaten). Bluetooth niet nagezocht.,
Cateye,AirGPS,air\s?gps,2020,,,,,,,,ja,nee,,,,,,,,,,,,Niet nagezocht. Lijst van de eigenaar: GPS zonder sensoren.,
Stages,Dash L200,dash\s?l\s?200,2022,329.95,"https://manuals.stagescycling.com (uit de lijst van de eigenaar, bron alleen een domein — niet nagetrokken)",2.7,kleur touchscreen,,12,104,ja,routeerbaar,ja,,,ja,ja,ja,,,,IP57,,"Rerouting: reviews spreken elkaar tegen (Cyclingnews: geen automatische rerouting; the5krunner: terug naar de route werkt) — leeg gelaten. Routes uit Strava, Komoot en RideWithGPS.",https://www.cyclingnews.com/reviews/stages-dash-l200-gps-bike-computer-review/
Stages,Dash M200,dash\s?m\s?200,2022,279.95,"https://www.giant-bicycles.com (uit de lijst van de eigenaar, bron alleen een domein — niet nagetrokken)",2.2,kleur touchscreen,,12,76,ja,routeerbaar,ja,,,ja,ja,ja,,,,IP57,,"Rerouting: reviews spreken elkaar tegen (Cyclingnews: geen automatische rerouting; the5krunner: terug naar de route werkt) — leeg gelaten. Routes uit Strava, Komoot en RideWithGPS.",https://www.cyclingnews.com/reviews/stages-dash-l200-gps-bike-computer-review/
Pioneer,SGX-CA900,sgx-?\s?ca900,2013,,,,,,,,ja,,,,,,,,,,,,nee,Pioneer verkocht zijn fietstak in 2020 aan Shimano; geen firmware- of kaartupdates meer na het sluiten van Cyclo-Sphere.,https://global.pioneer/en/support/oshirase_etc/cycle/info210524.php
Pioneer,SGX-CA600,sgx-?\s?ca600,2018,,,,,,,,ja,,,,,,,,,,,,nee,Pioneer verkocht zijn fietstak in 2020 aan Shimano; geen firmware- of kaartupdates meer na het sluiten van Cyclo-Sphere.,https://global.pioneer/en/support/oshirase_etc/cycle/info210524.php
Pioneer,SGX-CA500,sgx-?\s?ca500,2014,,,,,,,,ja,,,,,,,,,,,,nee,Pioneer verkocht zijn fietstak in 2020 aan Shimano; geen firmware- of kaartupdates meer na het sluiten van Cyclo-Sphere.,https://global.pioneer/en/support/oshirase_etc/cycle/info210524.php
iGPSPORT,iGS800,igs\s?800,2024,,,3.5,kleur touchscreen,touch+knoppen,40,114,ja,routeerbaar,ja,ja,beperkt,ja,ja,ja,ja,,ja,,ja,"Kaart zonder hoogtelijnen. Adviesprijs £359,90, europrijs niet gevonden (de lijst van de eigenaar had geen prijs). Introductie 2024 volgens the5krunner (maart 2024).",https://road.cc/content/review/igpsport-igs800-314291
iGPSPORT,BSC200S,bsc\s?200,,,,,,,,,ja,,,,,,,,,,,,,"Niet nagezocht; alleen herkenning (kwam voor in de crawl van 28-09-2026), zodat de flipmarge werkt.",
iGPSPORT,BSC100S,bsc\s?100,,,,,,,,,ja,,,,,,,,,,,,,"Niet nagezocht; alleen herkenning (kwam voor in de crawl van 28-09-2026), zodat de flipmarge werkt.",
iGPSPORT,iGS50E,igs\s?50,,,,,,,,,ja,,,,,,,,,,,,,"Niet nagezocht; alleen herkenning (kwam voor in de crawl van 28-09-2026), zodat de flipmarge werkt.",
iGPSPORT,BiNavi,binavi,2024,,,,,,,,ja,,,,,,,,,,,,,Niet nagezocht.,
iGPSPORT,BSC300T,bsc\s?300,2023,,,,,,,,ja,,,,,,,,,,,,,Niet nagezocht.,
Magene,C606 Pro,c606\s?pro,2024,,,,,,,,ja,,,,,,,,,,,,,Niet nagezocht.,
Magene,C606,\bc606\b(?!\s?pro),2023,,,2.8,kleur touchscreen,touch+knoppen,20,105,ja,routeerbaar,nee,nee,nee,ja,ja,,,ja,,IPX7,,"Bij de review geen routeberekening onderweg en geen routes uit Strava/Komoot. $160 / £129,99; de €159 uit de lijst van de eigenaar is vermoedelijk dollars — weggelaten.",https://www.cyclistshub.com/magene-c606-review/
Magene,C706,\bc706\b,,,,,,,,,ja,,,,,,,,,,,,,"Niet nagezocht; alleen herkenning (kwam voor in de crawl van 28-09-2026), zodat de flipmarge werkt.",
Magene,C506,\bc506\b,2022,,,,,,,,ja,,,,,,,,,,,,,Niet nagezocht.,
XOSS,G2+,xoss\s?g2\s?(?:\+|plus),2021,,,,,,,,ja,,,,,,,,,,,,,Niet nagezocht. Lijst van de eigenaar: met ANT+.,
XOSS,G2,xoss\s?g2\b(?!\s?(?:\+|plus)),2021,,,,,,,,ja,,,,,,,,,,,,,"Niet nagezocht. Lijst van de eigenaar: 2,2"" LCD, 28 uur.",
XOSS,G+,xoss\s?g\s?(?:\+|plus),,,,,,,,,ja,,,,,,,,,,,,,"Niet nagezocht; alleen herkenning (kwam voor in de crawl van 28-09-2026), zodat de flipmarge werkt.",
XOSS,G,xoss\s?g\b(?!\s?(?:2|\+|plus)),,,,,,,,,ja,,,,,,,,,,,,,"Niet nagezocht; alleen herkenning (kwam voor in de crawl van 28-09-2026), zodat de flipmarge werkt.",
XOSS,NAV,xoss\s?nav,2022,,,,,,,,ja,,,,,,,,,,,,,Niet nagezocht.,
Mio,Cyclo 505,"(?:\bmio\b.{0,12})?\bcycl[oe]\s?505\b|\bmio\s?505\b",,,,,,,,,ja,,,,,,,,,,,,,"Niet nagezocht; alleen herkenning (kwam voor in de crawl van 28-09-2026), zodat de flipmarge werkt.",
Mio,Cyclo 405,"(?:\bmio\b.{0,12})?\bcycl[oe]\s?405\b|\bmio\s?405\b",,,,,,,,,ja,,,,,,,,,,,,,"Niet nagezocht; alleen herkenning (kwam voor in de crawl van 28-09-2026), zodat de flipmarge werkt.",
Mio,Cyclo 400,"(?:\bmio\b.{0,12})?\bcycl[oe]\s?400\b|\bmio\s?400\b",,,,,,,,,ja,,,,,,,,,,,,,"Niet nagezocht; alleen herkenning (kwam voor in de crawl van 28-09-2026), zodat de flipmarge werkt.",
Mio,Cyclo 315,"(?:\bmio\b.{0,12})?\bcycl[oe]\s?315\b|\bmio\s?315\b",,,,,,,,,ja,,,,,,,,,,,,,"Niet nagezocht; alleen herkenning (kwam voor in de crawl van 28-09-2026), zodat de flipmarge werkt.",
Mio,Cyclo 310,"(?:\bmio\b.{0,12})?\bcycl[oe]\s?310\b|\bmio\s?310\b",,,,,,,,,ja,,,,,,,,,,,,,"Niet nagezocht; alleen herkenning (kwam voor in de crawl van 28-09-2026), zodat de flipmarge werkt.",
Mio,Cyclo 305,"(?:\bmio\b.{0,12})?\bcycl[oe]\s?305\b|\bmio\s?305\b",,,,,,,,,ja,,,,,,,,,,,,,"Niet nagezocht; alleen herkenning (kwam voor in de crawl van 28-09-2026), zodat de flipmarge werkt.",
Mio,Cyclo 300,"(?:\bmio\b.{0,12})?\bcycl[oe]\s?300\b|\bmio\s?300\b",,,,,,,,,ja,,,,,,,,,,,,,"Niet nagezocht; alleen herkenning (kwam voor in de crawl van 28-09-2026), zodat de flipmarge werkt.",
Mio,Cyclo 220,"(?:\bmio\b.{0,12})?\bcycl[oe]\s?220\b|\bmio\s?220\b",,,,,,,,,ja,,,,,,,,,,,,,"Niet nagezocht; alleen herkenning (kwam voor in de crawl van 28-09-2026), zodat de flipmarge werkt.",
Mio,Cyclo 215,"(?:\bmio\b.{0,12})?\bcycl[oe]\s?215\b|\bmio\s?215\b",,,,,,,,,ja,,,,,,,,,,,,,"Niet nagezocht; alleen herkenning (kwam voor in de crawl van 28-09-2026), zodat de flipmarge werkt.",
Mio,Cyclo 210,"(?:\bmio\b.{0,12})?\bcycl[oe]\s?210\b|\bmio\s?210\b",,,,,,,,,ja,,,,,,,,,,,,,"Niet nagezocht; alleen herkenning (kwam voor in de crawl van 28-09-2026), zodat de flipmarge werkt.",
Mio,Cyclo 205,"(?:\bmio\b.{0,12})?\bcycl[oe]\s?205\b|\bmio\s?205\b",,,,,,,,,ja,,,,,,,,,,,,,"Niet nagezocht; alleen herkenning (kwam voor in de crawl van 28-09-2026), zodat de flipmarge werkt.",
Mio,Cyclo 200,"(?:\bmio\b.{0,12})?\bcycl[oe]\s?200\b|\bmio\s?200\b",,,,,,,,,ja,,,,,,,,,,,,,"Niet nagezocht; alleen herkenning (kwam voor in de crawl van 28-09-2026), zodat de flipmarge werkt.",
Teasi,One/Pro,\bteasi\b,,,,,,,,,ja,,,,,,,,,,,,,"Niet nagezocht; alleen herkenning (kwam voor in de crawl van 28-09-2026), zodat de flipmarge werkt.",
COROS,Dura,coros\s?dura,2024,,,,,,,,ja,,,via_telefoon,,,,,,,,,ja,Ontbrak in de lijst van de eigenaar. Rerouting alleen met de COROS-app verbonden; bij de hands-on ontbrak Di2/AXS-data grotendeels.,https://www.bikeradar.com/reviews/training/gps-computers/coros-dura-review
