merk,model,pattern,introductiejaar,nieuwprijs_eur,prijs_bron,nieuwprijs_usd,kaarten_op_horloge,extra_opmerkingen,bron_url
Garmin,Fenix 8 Pro,f[eēé]nix\s?8\s?pro\b,2025,1199.99,https://garmin.prezly.com/garmin-introduceert-fenix-8-pro-de-allereerste-smartwatches-met-inreachr-satelliet-en-mobiele-verbinding,,ja,"Persbericht 4-9-2025: AMOLED (47/51 mm) € 1.199,99, MicroLED (51 mm) € 1.999,99; met inReach-satelliet- en mobiele verbinding. Kaarten: ""vooraf geladen TopoActive-kaarten"" (zelfde persbericht).",https://garmin.prezly.com/garmin-introduceert-fenix-8-pro-de-allereerste-smartwatches-met-inreachr-satelliet-en-mobiele-verbinding
Garmin,Fenix 8,f[eēé]nix\s?8\b,2024,,,999,,"DCR: goedkoopste Fenix 8 $999 (AMOLED), MIP Solar vanaf $1.099. Geen Europese adviesprijs gevonden: Android Planet noemt 'vanaf 1099,99 euro bij Coolblue', een winkelprijs. Maten 43/47/51 mm. Kaarten niet expliciet in de bron, dus leeg.",https://www.dcrainmaker.com/2024/08/garmin-fenix-8-in-depth-review.html
Garmin,Fenix 7 Pro,f[eēé]nix\s?7\s?[sx]?\s?pro\b,2023,,,799,ja,"DCR: $799 voor 7S Pro/7 Pro Solar zonder Sapphire, Sapphire $100 meer; maten 42/47/51 mm, allemaal touchscreen. ""full onboard mapping"". Geen europrijs in een bron gevonden.",https://www.dcrainmaker.com/2023/05/flashlight-multiband-everyone.html
Garmin,Fenix 7,f[eēé]nix\s?7\s?[sx]?\b,2022,699.99,https://garmin.prezly.com/la-famille-fenix-sagrandit-avec-la-nouvelle-fenix-7-et-larrivee-de-lepix,699,ja,"7S/7/7X. Persbericht (Frans, 18-01-2022): 'prix de base de 699,99 €'. DCR: basis $699, Solar $799 (7X $899), EUR gelijk aan USD. Basis heeft al 'downloadable maps'.",https://www.dcrainmaker.com/2022/01/garmin-fenix7-review.html
Garmin,Epix Pro,\bepix\s?(?:\(?gen\s?2\)?\s?)?pro\b,2023,,,899,ja,"DCR: $899 voor 42/47 mm, $999 voor 51 mm; zelfde kaarten en navigatie als de Fenix 7 Pro. Geen europrijs in een bron gevonden.",https://www.dcrainmaker.com/2023/05/garmin-depth-review-three.html
Garmin,Epix (Gen 2),\bepix\b,2022,899.99,https://garmin.prezly.com/la-famille-fenix-sagrandit-avec-la-nouvelle-fenix-7-et-larrivee-de-lepix,899,ja,"Persbericht (Frans, 18-01-2022): 'à partir de 899,99 €'. Elke titel met Epix zonder Pro valt hier, ook een Epix van de eerste generatie; die staat niet apart in dit bestand.",https://www.dcrainmaker.com/2022/01/garmin-epix-depth-review.html
Garmin,Fenix 6 Pro,f[eēé]nix\s?6\s?[sx]?\s?pro\b,2019,,,,ja,"DCR: twee lijnen, Base zonder kaarten/wifi/muziek en Pro met; serieprijs $549-$1.149, geen prijs per variant. Een titel met 'solar' of 'sapphire' zonder 'pro' valt in de rij Fenix 6; of zulke uitvoeringen altijd Pro zijn, is niet nagezocht.",https://www.dcrainmaker.com/2019/08/garmin-fenix6-series.html
Garmin,Fenix 6,f[eēé]nix\s?6\s?[sx]?\b,2019,599.99,https://garmin.prezly.com/de-nieuwe-fenix-6-serie-van-garmin-ondersteunt-je-langer-en-duidelijker-dan-ooit,,nee,"Persbericht: 'adviesprijs vanaf €599,99' (de goedkoopste, dus de basisversie). DCR: 'Base: These don't include maps, WiFi, or music'. Aangekondigd 29-08-2019. Ook 'Fenix 6S Sapphire' en 'Fenix 6X Solar' zonder 'pro' landen hier (zie Fenix 6 Pro).",https://www.dcrainmaker.com/2019/08/garmin-fenix6-series.html
Garmin,Fenix 5 Plus,f[eēé]nix\s?5\s?[sx]?\s?(?:plus\b|\+),2018,699,https://www.dcrainmaker.com/2018/06/garmin-fenix5-review.html,699,ja,"DCR-vergelijkingstabel: '$699/699EUR', aangekondigd 17-06-2018. Kaarten op alle drie (5/5S/5X Plus).",https://www.dcrainmaker.com/2018/06/garmin-fenix5-review.html
Garmin,Fenix 5X,f[eēé]nix\s?5\s?x\b,2017,749.99,https://garmin.prezly.com/garminr-stelt-zijn-gamma-fenixr-5-voor-multisporthorloges-met-gps-voor-sporters-en-avonturiers,,ja,"Persbericht 8-01-2017: 'fēnix 5X Sapphire voor 749,99 €'. DCR: de 5X is alleen met Sapphire-glas leverbaar en is de enige Fenix 5 met kaarten.",https://www.dcrainmaker.com/2017/03/garmin-fenix5-5s-review.html
Garmin,Fenix 5,f[eēé]nix\s?5\s?s?\b,2017,599.99,https://garmin.prezly.com/garminr-stelt-zijn-gamma-fenixr-5-voor-multisporthorloges-met-gps-voor-sporters-en-avonturiers,599,nee,"5 en 5S. Persbericht: 'fēnix 5 en fēnix 5S ... aanbevolen prijs van 599,99 €', Sapphire 699,99 €. DCR-tabel: $599, aangekondigd 4-01-2017.",https://www.dcrainmaker.com/2017/03/garmin-fenix5-5s-review.html
Garmin,Forerunner 970,(?:forerunner|\bfr|garmin)\s?970\b,2025,749.99,https://garmin.prezly.com/garmin-onthult-de-nieuwe-forerunner-570-forerunner-970-en-de-hrm-600-hartslagband-innovaties-voor-de-meest-veeleisende-atleten,749,ja,Persbericht 20-05-2025. DCR: prijs van $599 (FR965) naar $749.,https://www.dcrainmaker.com/2025/06/garmin-forerunner-970-in-depth-review-brillance.html
Garmin,Forerunner 965,(?:forerunner|\bfr|garmin)\s?965\b,2023,649.99,https://garmin.prezly.com/de-nieuwste-garmin-forerunner-265-en-965-horloges-bereiden-je-voor-op-de-grootste-hardloopwedstrijden-in-belgie,599,ja,"DCR: 'Forerunner 955/965 has full maps, the Forerunner 255/265 does not'.",https://www.dcrainmaker.com/2023/03/garmin-forerunner-965-depth-review.html
Garmin,Forerunner 955,(?:forerunner|\bfr|garmin)\s?955\b,2022,549.99,https://garmin.prezly.com/garmin-viert-global-running-day-met-de-lancering-van-reeksen-forerunner-255-en-forerunner-955,499,ja,"Persbericht: 955 € 549,99, 955 Solar € 649,99 (DCR: $499 / $599). Solar valt in deze rij.",https://www.dcrainmaker.com/2022/05/garmin-forerunner-955-solar-review.html
Garmin,Forerunner 945,(?:forerunner|\bfr|garmin)\s?945\b,2019,599,https://www.dcrainmaker.com/2019/04/garmin-forerunner-multisport-review.html,599,ja,"DCR-vergelijkingstabel: '$599/599EUR', aangekondigd 30-04-2019. Kaarten: DCR FR245-review ('the Forerunner 945 ... has full maps onboard'). De 945 LTE valt ook in deze rij.",https://www.dcrainmaker.com/2019/04/garmin-forerunner-multisport-review.html
Garmin,Forerunner 935,(?:forerunner|\bfr|garmin)\s?935\b,2017,,,499,,"Alleen uit de vergelijkingstabel in de DCR-review van de FR945: $499, aangekondigd 29-03-2017.",https://www.dcrainmaker.com/2019/04/garmin-forerunner-multisport-review.html
Garmin,Forerunner 745,(?:forerunner|\bfr|garmin)\s?745\b,2020,,,499,nee,"DCR: $499; 'FR945 has offline mapping, the FR745 doesn't'. Geen europrijs in een bron gevonden.",https://www.dcrainmaker.com/2020/09/garmin-forerunner-745-depth-review.html
Garmin,Forerunner 735XT,(?:forerunner|\bfr|garmin)\s?735(?:\s?xt)?\b,2016,,,349,,"DCR-tabel: $349, aangekondigd 11-05-2016.",https://www.dcrainmaker.com/2016/06/garmin-forerunner-735xt-review.html
Garmin,Forerunner 645,(?:forerunner|\bfr|garmin)\s?645\b,2018,,,399,nee,"DCR-tabel: $399, Music $449; aangekondigd 8-01-2018. Geen kaarten: 'it won't make your watch a Fenix 5X (which does have maps)'. Music valt in deze rij.",https://www.dcrainmaker.com/2018/03/garmin-forerunner-music-watch-review.html
Garmin,Forerunner 570,(?:forerunner|\bfr|garmin)\s?570\b,2025,549.99,https://garmin.prezly.com/garmin-onthult-de-nieuwe-forerunner-570-forerunner-970-en-de-hrm-600-hartslagband-innovaties-voor-de-meest-veeleisende-atleten,549,nee,Persbericht 20-05-2025. DCR: '$550 running watch ... shouldn't have maps' (heeft ze dus niet).,https://www.dcrainmaker.com/2025/05/garmin-forerunner-everything.html
Garmin,Forerunner 265,(?:forerunner|\bfr|garmin)\s?265s?\b,2023,499.99,https://garmin.prezly.com/de-nieuwste-garmin-forerunner-265-en-965-horloges-bereiden-je-voor-op-de-grootste-hardloopwedstrijden-in-belgie,449,nee,265 en 265S (42/46 mm). DCR: 'it does not have mapping built-in'.,https://www.dcrainmaker.com/2023/03/garmin-forerunner-review-amoled.html
Garmin,Forerunner 255,(?:forerunner|\bfr|garmin)\s?255s?\b,2022,349.99,https://garmin.prezly.com/garmin-viert-global-running-day-met-de-lancering-van-reeksen-forerunner-255-en-forerunner-955,349,nee,"Persbericht: 255/255S € 349,99, Music € 399,99. Kaarten: DCR FR265-review ('Forerunner 955/965 has full maps, the Forerunner 255/265 does not'). Music valt in deze rij.",https://www.dcrainmaker.com/2023/03/garmin-forerunner-review-amoled.html
Garmin,Forerunner 245,(?:forerunner|\bfr|garmin)\s?245\b,2019,,,299,nee,"DCR-tabel: $299, Music $349; aangekondigd 30-04-2019. Geen kaarten: in de review is 'full maps onboard' het verschil met de 945. Music valt in deze rij.",https://www.dcrainmaker.com/2019/04/garmin-forerunner-music-review.html
Garmin,Forerunner 165,(?:forerunner|\bfr|garmin)\s?165\b,2024,279.99,https://garmin.prezly.com/garmin-lanceert-de-nieuwe-forerunner-165-budget-en-gebruiksvriendelijke-smartwatch-voor-lopers-van-elk-niveau,249,nee,"Persbericht 20-02-2024: € 279,99, Music € 329,99. DCR: 'There are no maps on the unit itself'.",https://www.dcrainmaker.com/2024/02/garmin-forerunner-165-depth-review.html
Garmin,Forerunner 55,(?:forerunner|\bfr)\s?55\b,2021,199.99,https://garmin.prezly.com/beginner-of-gevorderde-met-de-garmin-forerunner-55-schakel-je-altijd-een-versnelling-hoger,199,,"DCR: 'Price remains same at $199USD'. Vereist 'Forerunner' of 'FR' voor het getal: 'Garmin 55' is te dubbelzinnig.",https://www.dcrainmaker.com/2021/06/garmin-forerunner-55-depth-review.html
Garmin,Forerunner 45,(?:forerunner|\bfr)\s?45s?\b,2019,,,199,,"45 en 45S. DCR-tabel: $199, aangekondigd 30-04-2019. Vereist 'Forerunner' of 'FR' voor het getal.",https://www.dcrainmaker.com/2019/04/garmin-forerunner-watch-review.html
